{
	"info": {
		"_postman_id": "8a10e01c-2e0f-4e56-8df5-44138a920d78",
		"name": "Task Management API",
		"schema": "https://schema.getpostman.com/json/collection/v2.1.0/collection.json",
		"_exporter_id": "12707989"
	},
	"item": [
		{
			"name": "Auth",
			"item": [
				{
					"name": "Register API",
					"request": {
						"method": "POST",
						"header": [],
						"body": {
							"mode": "formdata",
							"formdata": [
								{
									"key": "name",
									"value": "Salman Khan",
									"type": "text"
								},
								{
									"key": "email",
									"value": "salmankhanuet99@gmail.com",
									"type": "text"
								},
								{
									"key": "password",
									"value": "salmankhan",
									"type": "text"
								}
							]
						},
						"url": {
							"raw": "http://localhost:8000/api/register",
							"protocol": "http",
							"host": [
								"localhost"
							],
							"port": "8000",
							"path": [
								"api",
								"register"
							]
						}
					},
					"response": [
						{
							"name": "Register API",
							"originalRequest": {
								"method": "POST",
								"header": [],
								"body": {
									"mode": "formdata",
									"formdata": [
										{
											"key": "name",
											"value": "Salman Khan",
											"type": "text"
										},
										{
											"key": "email",
											"value": "salmankhanuet99@gmail.com",
											"type": "text"
										},
										{
											"key": "password",
											"value": "salmankhan",
											"type": "text"
										}
									]
								},
								"url": {
									"raw": "http://127.0.0.1:8000/api/register",
									"protocol": "http",
									"host": [
										"127",
										"0",
										"0",
										"1"
									],
									"port": "8000",
									"path": [
										"api",
										"register"
									]
								}
							},
							"status": "Created",
							"code": 201,
							"_postman_previewlanguage": "json",
							"header": [
								{
									"key": "Host",
									"value": "127.0.0.1:8000"
								},
								{
									"key": "Date",
									"value": "Sat, 15 Jun 2024 06:51:38 GMT"
								},
								{
									"key": "Date",
									"value": "Sat, 15 Jun 2024 06:51:38 GMT"
								},
								{
									"key": "Connection",
									"value": "close"
								},
								{
									"key": "X-Powered-By",
									"value": "PHP/8.2.4"
								},
								{
									"key": "Cache-Control",
									"value": "no-cache, private"
								},
								{
									"key": "Content-Type",
									"value": "application/json"
								},
								{
									"key": "X-RateLimit-Limit",
									"value": "60"
								},
								{
									"key": "X-RateLimit-Remaining",
									"value": "59"
								},
								{
									"key": "Access-Control-Allow-Origin",
									"value": "*"
								}
							],
							"cookie": [],
							"body": "{\n    \"message\": \"User registered successfully\"\n}"
						}
					]
				},
				{
					"name": "Login API",
					"request": {
						"method": "POST",
						"header": [],
						"body": {
							"mode": "formdata",
							"formdata": [
								{
									"key": "email",
									"value": "salmankhanuet99@gmail.com",
									"type": "text"
								},
								{
									"key": "password",
									"value": "salmankhan",
									"type": "text"
								}
							]
						},
						"url": {
							"raw": "http://localhost:8000/api/login",
							"protocol": "http",
							"host": [
								"localhost"
							],
							"port": "8000",
							"path": [
								"api",
								"login"
							]
						}
					},
					"response": [
						{
							"name": "Login API",
							"originalRequest": {
								"method": "POST",
								"header": [],
								"body": {
									"mode": "formdata",
									"formdata": [
										{
											"key": "email",
											"value": "salmankhanuet99@gmail.com",
											"type": "text"
										},
										{
											"key": "password",
											"value": "salmankhan",
											"type": "text"
										}
									]
								},
								"url": {
									"raw": "http://localhost:8000/api/login",
									"protocol": "http",
									"host": [
										"localhost"
									],
									"port": "8000",
									"path": [
										"api",
										"login"
									]
								}
							},
							"status": "OK",
							"code": 200,
							"_postman_previewlanguage": "json",
							"header": [
								{
									"key": "Host",
									"value": "localhost:8000"
								},
								{
									"key": "Date",
									"value": "Sat, 15 Jun 2024 06:55:05 GMT"
								},
								{
									"key": "Date",
									"value": "Sat, 15 Jun 2024 06:55:05 GMT"
								},
								{
									"key": "Connection",
									"value": "close"
								},
								{
									"key": "X-Powered-By",
									"value": "PHP/8.2.4"
								},
								{
									"key": "Cache-Control",
									"value": "no-cache, private"
								},
								{
									"key": "Content-Type",
									"value": "application/json"
								},
								{
									"key": "X-RateLimit-Limit",
									"value": "60"
								},
								{
									"key": "X-RateLimit-Remaining",
									"value": "59"
								},
								{
									"key": "Access-Control-Allow-Origin",
									"value": "*"
								}
							],
							"cookie": [],
							"body": "{\n    \"user\": {\n        \"id\": 3,\n        \"name\": \"Salman Khan\",\n        \"email\": \"salmankhanuet99@gmail.com\",\n        \"email_verified_at\": null,\n        \"created_at\": \"2024-06-15T06:51:38.000000Z\",\n        \"updated_at\": \"2024-06-15T06:51:38.000000Z\"\n    },\n    \"token\": \"2|FWXJmMajbm9m2EuC1NCTYMI64Ox99pSVkbflmP7I44aa952b\"\n}"
						}
					]
				}
			]
		},
		{
			"name": "Tasks",
			"item": [
				{
					"name": "Create Task API",
					"request": {
						"method": "POST",
						"header": [
							{
								"key": "Authorization",
								"value": "Bearer 2|FWXJmMajbm9m2EuC1NCTYMI64Ox99pSVkbflmP7I44aa952b",
								"type": "text"
							}
						],
						"body": {
							"mode": "formdata",
							"formdata": [
								{
									"key": "title",
									"value": "some random title",
									"type": "text"
								},
								{
									"key": "description",
									"value": "some random descrition",
									"type": "text"
								},
								{
									"key": "status",
									"value": "pending",
									"type": "text"
								}
							]
						},
						"url": {
							"raw": "http://localhost:8000/api/tasks",
							"protocol": "http",
							"host": [
								"localhost"
							],
							"port": "8000",
							"path": [
								"api",
								"tasks"
							]
						}
					},
					"response": []
				},
				{
					"name": "Get Task API",
					"request": {
						"method": "GET",
						"header": [
							{
								"key": "Authorization",
								"value": "Bearer 2|FWXJmMajbm9m2EuC1NCTYMI64Ox99pSVkbflmP7I44aa952b",
								"type": "text"
							}
						],
						"url": {
							"raw": "http://localhost:8000/api/tasks/1",
							"protocol": "http",
							"host": [
								"localhost"
							],
							"port": "8000",
							"path": [
								"api",
								"tasks",
								"1"
							]
						}
					},
					"response": []
				},
				{
					"name": "Update Task API",
					"request": {
						"method": "PUT",
						"header": [
							{
								"key": "Authorization",
								"value": "Bearer 2|FWXJmMajbm9m2EuC1NCTYMI64Ox99pSVkbflmP7I44aa952b",
								"type": "text"
							}
						],
						"body": {
							"mode": "raw",
							"raw": "{\r\n    \"title\":\"update title\",\r\n    \"description\":\"descripton\",\r\n    \"status\":\"in-progress\"\r\n}",
							"options": {
								"raw": {
									"language": "json"
								}
							}
						},
						"url": {
							"raw": "http://localhost:8000/api/tasks/2",
							"protocol": "http",
							"host": [
								"localhost"
							],
							"port": "8000",
							"path": [
								"api",
								"tasks",
								"2"
							]
						}
					},
					"response": [
						{
							"name": "Update Task API",
							"originalRequest": {
								"method": "PUT",
								"header": [
									{
										"key": "Authorization",
										"value": "Bearer 2|FWXJmMajbm9m2EuC1NCTYMI64Ox99pSVkbflmP7I44aa952b",
										"type": "text"
									}
								],
								"body": {
									"mode": "raw",
									"raw": "{\r\n    \"title\":\"update title\",\r\n    \"description\":\"descripton\",\r\n    \"status\":\"in-progress\"\r\n}",
									"options": {
										"raw": {
											"language": "json"
										}
									}
								},
								"url": {
									"raw": "http://localhost:8000/api/tasks/2",
									"protocol": "http",
									"host": [
										"localhost"
									],
									"port": "8000",
									"path": [
										"api",
										"tasks",
										"2"
									]
								}
							},
							"status": "OK",
							"code": 200,
							"_postman_previewlanguage": "json",
							"header": [
								{
									"key": "Host",
									"value": "localhost:8000"
								},
								{
									"key": "Date",
									"value": "Sat, 15 Jun 2024 13:10:29 GMT"
								},
								{
									"key": "Date",
									"value": "Sat, 15 Jun 2024 13:10:29 GMT"
								},
								{
									"key": "Connection",
									"value": "close"
								},
								{
									"key": "X-Powered-By",
									"value": "PHP/8.2.4"
								},
								{
									"key": "Cache-Control",
									"value": "no-cache, private"
								},
								{
									"key": "Content-Type",
									"value": "application/json"
								},
								{
									"key": "X-RateLimit-Limit",
									"value": "60"
								},
								{
									"key": "X-RateLimit-Remaining",
									"value": "59"
								},
								{
									"key": "Access-Control-Allow-Origin",
									"value": "*"
								}
							],
							"cookie": [],
							"body": "{\n    \"id\": 2,\n    \"user_id\": 3,\n    \"title\": \"update title\",\n    \"description\": \"descripton\",\n    \"status\": \"in-progress\",\n    \"created_at\": \"2024-06-15T07:11:25.000000Z\",\n    \"updated_at\": \"2024-06-15T13:10:29.000000Z\"\n}"
						}
					]
				},
				{
					"name": "Delete Task API",
					"request": {
						"method": "DELETE",
						"header": [
							{
								"key": "Authorization",
								"value": "Bearer 3|TnfVsbavzGTXbTfBuk8z7vwKkriRnMhASaIuOgzLd62a188b",
								"type": "text"
							},
							{
								"key": "Content-Type",
								"value": "application/json",
								"type": "text"
							}
						],
						"url": {
							"raw": "http://localhost:8000/api/tasks/5",
							"protocol": "http",
							"host": [
								"localhost"
							],
							"port": "8000",
							"path": [
								"api",
								"tasks",
								"5"
							]
						}
					},
					"response": [
						{
							"name": "Delete Task API",
							"originalRequest": {
								"method": "DELETE",
								"header": [
									{
										"key": "Authorization",
										"value": "Bearer 3|TnfVsbavzGTXbTfBuk8z7vwKkriRnMhASaIuOgzLd62a188b",
										"type": "text"
									},
									{
										"key": "Content-Type",
										"value": "application/json",
										"type": "text"
									}
								],
								"url": {
									"raw": "http://localhost:8000/api/tasks/5",
									"protocol": "http",
									"host": [
										"localhost"
									],
									"port": "8000",
									"path": [
										"api",
										"tasks",
										"5"
									]
								}
							},
							"status": "OK",
							"code": 200,
							"_postman_previewlanguage": "json",
							"header": [
								{
									"key": "Host",
									"value": "localhost:8000"
								},
								{
									"key": "Date",
									"value": "Sat, 15 Jun 2024 13:21:30 GMT"
								},
								{
									"key": "Date",
									"value": "Sat, 15 Jun 2024 13:21:30 GMT"
								},
								{
									"key": "Connection",
									"value": "close"
								},
								{
									"key": "X-Powered-By",
									"value": "PHP/8.2.4"
								},
								{
									"key": "Cache-Control",
									"value": "no-cache, private"
								},
								{
									"key": "Content-Type",
									"value": "application/json"
								},
								{
									"key": "X-RateLimit-Limit",
									"value": "60"
								},
								{
									"key": "X-RateLimit-Remaining",
									"value": "59"
								},
								{
									"key": "Access-Control-Allow-Origin",
									"value": "*"
								}
							],
							"cookie": [],
							"body": "{\n    \"message\": \"Task Deleted Successfully\"\n}"
						}
					]
				}
			]
		},
		{
			"name": "Users",
			"item": [
				{
					"name": "user Tasks",
					"request": {
						"method": "GET",
						"header": [
							{
								"key": "Authorization",
								"value": "Bearer 4|1NpbdP2NoMuWpgVDufrLPRq1sdhLaucm1qPzHuoX31745997",
								"type": "text"
							}
						],
						"url": {
							"raw": "http://localhost:8000/api/users/3/tasks",
							"protocol": "http",
							"host": [
								"localhost"
							],
							"port": "8000",
							"path": [
								"api",
								"users",
								"3",
								"tasks"
							]
						}
					},
					"response": [
						{
							"name": "user Tasks",
							"originalRequest": {
								"method": "GET",
								"header": [
									{
										"key": "Authorization",
										"value": "Bearer 4|1NpbdP2NoMuWpgVDufrLPRq1sdhLaucm1qPzHuoX31745997",
										"type": "text"
									}
								],
								"url": {
									"raw": "http://localhost:8000/api/users/3/tasks",
									"protocol": "http",
									"host": [
										"localhost"
									],
									"port": "8000",
									"path": [
										"api",
										"users",
										"3",
										"tasks"
									]
								}
							},
							"status": "OK",
							"code": 200,
							"_postman_previewlanguage": "json",
							"header": [
								{
									"key": "Host",
									"value": "localhost:8000"
								},
								{
									"key": "Date",
									"value": "Sat, 15 Jun 2024 13:30:35 GMT"
								},
								{
									"key": "Date",
									"value": "Sat, 15 Jun 2024 13:30:35 GMT"
								},
								{
									"key": "Connection",
									"value": "close"
								},
								{
									"key": "X-Powered-By",
									"value": "PHP/8.2.4"
								},
								{
									"key": "Cache-Control",
									"value": "no-cache, private"
								},
								{
									"key": "Content-Type",
									"value": "application/json"
								},
								{
									"key": "X-RateLimit-Limit",
									"value": "60"
								},
								{
									"key": "X-RateLimit-Remaining",
									"value": "59"
								},
								{
									"key": "Access-Control-Allow-Origin",
									"value": "*"
								}
							],
							"cookie": [],
							"body": "[\n    {\n        \"id\": 5,\n        \"user_id\": 3,\n        \"title\": \"some random title\",\n        \"description\": \"some random descrition\",\n        \"status\": \"pending\",\n        \"created_at\": \"2024-06-15T13:18:50.000000Z\",\n        \"updated_at\": \"2024-06-15T13:18:50.000000Z\"\n    },\n    {\n        \"id\": 6,\n        \"user_id\": 3,\n        \"title\": \"some random title\",\n        \"description\": \"some random descrition\",\n        \"status\": \"pending\",\n        \"created_at\": \"2024-06-15T13:19:01.000000Z\",\n        \"updated_at\": \"2024-06-15T13:19:01.000000Z\"\n    },\n    {\n        \"id\": 7,\n        \"user_id\": 3,\n        \"title\": \"some random title\",\n        \"description\": \"some random descrition\",\n        \"status\": \"pending\",\n        \"created_at\": \"2024-06-15T13:29:51.000000Z\",\n        \"updated_at\": \"2024-06-15T13:29:51.000000Z\"\n    }\n]"
						}
					]
				}
			]
		}
	]
}